{
  "corners": [
    [
      303.7328796386719,
      -454.7259155273438,
      394.0975280761719,
      -172.4420135498047,
      3.601762866973877,
      -46.857200622558594
    ],
    [
      383.734130859375,
      -673.5600830078125,
      382.60809936523435,
      -176.61092224121094,
      -7.099382781982422,
      -47.29488067626953
    ],
    [
      13.529991912841798,
      -794.6305419921875,
      400.62547607421874,
      -177.87151794433595,
      -10.254166793823241,
      -75.59469146728516
    ],
    [
      -83.20124816894531,
      -590.7799072265625,
      397.03388061523435,
      -174.96014404296875,
      -2.791085147857666,
      -87.62787780761718
    ]
  ],
  "z_fixed": 394.8189697265625,
  "orientation": [
    -172.4420135498047,
    3.601762866973877,
    -46.857200622558594
  ],
  "visited_points": [],
  "total_tests": 0,
  "success_count": 0
}